<?xml version="1.0" encoding="UTF-8" ?>
<!DOCTYPE mapper PUBLIC "-//mybatis.org//DTD Mapper 3.0//EN" 
"http://mybatis.org/dtd/mybatis-3-mapper.dtd">
<mapper namespace="com.lsg.wpa.mapper.PostionApplyInfoMapper">
	<resultMap id="BaseResultMap" type="com.lsg.wpa.entity.OmsPostionApplyInfoPo">
		<result column="APPLY_USER_ID" property="applyUserId" />
		<result column="POSTION_ID" property="postionId" />
		<result column="MERCH_ID" property="merchId" />
		<result column="EXEM_NO" property="exemNo" />
		<result column="EXEM_STAT" property="exemStat" />
		<result column="EXEM_MSG" property="exemMsg" />
		<result column="IS_NOTICE" property="isNotice" />
		<result column="CREATE_TIME" property="createTime" />
		<result column="MODIFY_TIME" property="modifyTime" />
		<result column="REMARK1" property="remark1" />
	</resultMap>

	<sql id="Table_Name">
		t_oms_postion_apply_info
	</sql>

	<sql id="Base_Column">
		APPLY_USER_ID,
		POSTION_ID,
		MERCH_ID,
		EXEM_NO,
		EXEM_STAT,
		EXEM_MSG,
		IS_NOTICE,
		CREATE_TIME,
		MODIFY_TIME,
		REMARK1
	</sql>

	<sql id="Base_Where">
		<trim suffixOverrides="AND">
		<if test="applyUserId != null">
			APPLY_USER_ID= #{applyUserId}
	           AND 
		</if>
		<if test="postionId != null">
			POSTION_ID= #{postionId}
	           AND 
		</if>
		<if test="merchId != null">
			MERCH_ID= #{merchId}
	           AND 
		</if>
		<if test="exemNo != null">
			EXEM_NO= #{exemNo}
	           AND 
		</if>
		<if test="exemStat != null">
			EXEM_STAT= #{exemStat}
	           AND 
		</if>
		<if test="exemMsg != null">
			EXEM_MSG= #{exemMsg}
	           AND 
		</if>
		<if test="isNotice != null">
			IS_NOTICE= #{isNotice}
	           AND 
		</if>
		<if test="createTime != null">
			CREATE_TIME= #{createTime}
	           AND 
		</if>
		<if test="modifyTime != null">
			MODIFY_TIME= #{modifyTime}
	           AND 
		</if>
		<if test="remark1 != null">
			REMARK1= #{remark1}
		</if>
		</trim>
	</sql>
	
    <sql id="Base_Select">
			select
		<include refid="Base_Column" />
		from
		<include refid="Table_Name" />
		<where>
			<include refid="Base_Where" />
		</where>
	</sql>



	<insert id="insert" >
		insert into
		<include refid="Table_Name" />
		<trim prefix="(" suffix=")" suffixOverrides=",">
	<if test="applyUserId != null">
		APPLY_USER_ID,
	</if>
	<if test="postionId != null">
		POSTION_ID,
	</if>
	<if test="merchId != null">
		MERCH_ID,
	</if>
	<if test="exemNo != null">
		EXEM_NO,
	</if>
	<if test="exemStat != null">
		EXEM_STAT,
	</if>
	<if test="exemMsg != null">
		EXEM_MSG,
	</if>
	<if test="isNotice != null">
		IS_NOTICE,
	</if>
	<if test="createTime != null">
		CREATE_TIME,
	</if>
	<if test="modifyTime != null">
		MODIFY_TIME,
	</if>
	<if test="remark1 != null">
		REMARK1,
	</if>
		</trim>
		<trim prefix="values (" suffix=")" suffixOverrides=",">
	<if test="applyUserId != null">
		#{applyUserId},
	</if>
	<if test="postionId != null">
		#{postionId},
	</if>
	<if test="merchId != null">
		#{merchId},
	</if>
	<if test="exemNo != null">
		#{exemNo},
	</if>
	<if test="exemStat != null">
		#{exemStat},
	</if>
	<if test="exemMsg != null">
		#{exemMsg},
	</if>
	<if test="isNotice != null">
		#{isNotice},
	</if>
	<if test="createTime != null">
		#{createTime},
	</if>
	<if test="modifyTime != null">
		#{modifyTime},
	</if>
	<if test="remark1 != null">
		#{remark1},
	</if>
		</trim>
	</insert>

	<update id="update" >
		update
		<include refid="Table_Name" />
		<set>
	<if test="applyUserId != null">
		APPLY_USER_ID=#{applyUserId},
	</if>
	<if test="postionId != null">
		POSTION_ID=#{postionId},
	</if>
	<if test="merchId != null">
		MERCH_ID=#{merchId},
	</if>
	<if test="exemNo != null">
		EXEM_NO=#{exemNo},
	</if>
	<if test="exemStat != null">
		EXEM_STAT=#{exemStat},
	</if>
	<if test="exemMsg != null">
		EXEM_MSG=#{exemMsg},
	</if>
	<if test="isNotice != null">
		IS_NOTICE=#{isNotice},
	</if>
	<if test="createTime != null">
		CREATE_TIME=#{createTime},
	</if>
	<if test="modifyTime != null">
		MODIFY_TIME=#{modifyTime},
	</if>
	<if test="remark1 != null">
		REMARK1=#{remark1},
	</if>
		</set>
		<where>
			<include refid="Base_Where" />
		</where>
	</update>

	<update id="updateByEntity" >
		UPDATE
		<include refid="Table_Name" />
		<set>
			<if test="s.applyUserId != null">
                    APPLY_USER_ID=#{s.applyUserId},
			</if>
			<if test="s.postionId != null">
                    POSTION_ID=#{s.postionId},
			</if>
			<if test="s.merchId != null">
                    MERCH_ID=#{s.merchId},
			</if>
			<if test="s.exemNo != null">
                    EXEM_NO=#{s.exemNo},
			</if>
			<if test="s.exemStat != null">
                    EXEM_STAT=#{s.exemStat},
			</if>
			<if test="s.exemMsg != null">
                    EXEM_MSG=#{s.exemMsg},
			</if>
			<if test="s.isNotice != null">
                    IS_NOTICE=#{s.isNotice},
			</if>
			<if test="s.createTime != null">
                    CREATE_TIME=#{s.createTime},
			</if>
			<if test="s.modifyTime != null">
                    MODIFY_TIME=#{s.modifyTime},
			</if>
			<if test="s.remark1 != null">
                    REMARK1=#{s.remark1}
			</if>
		</set>
		<where> 
			<trim prefix="(" suffix=")" suffixOverrides="AND">
			<if test="w.applyUserId != null">
                    APPLY_USER_ID=#{w.applyUserId}
                   AND 
 			</if>
			<if test="w.postionId != null">
                    POSTION_ID=#{w.postionId}
                   AND 
 			</if>
			<if test="w.merchId != null">
                    MERCH_ID=#{w.merchId}
                   AND 
 			</if>
			<if test="w.exemNo != null">
                    EXEM_NO=#{w.exemNo}
                   AND 
 			</if>
			<if test="w.exemStat != null">
                    EXEM_STAT=#{w.exemStat}
                   AND 
 			</if>
			<if test="w.exemMsg != null">
                    EXEM_MSG=#{w.exemMsg}
                   AND 
 			</if>
			<if test="w.isNotice != null">
                    IS_NOTICE=#{w.isNotice}
                   AND 
 			</if>
			<if test="w.createTime != null">
                    CREATE_TIME=#{w.createTime}
                   AND 
 			</if>
			<if test="w.modifyTime != null">
                    MODIFY_TIME=#{w.modifyTime}
                   AND 
 			</if>
			<if test="w.remark1 != null">
                    REMARK1=#{w.remark1}
 			</if>
			</trim>
		</where>
	</update>

	<delete id="delete" >
		delete from
		<include refid="Table_Name" />
		<where>
			<include refid="Base_Where" />
		</where>
	</delete>

	<select id="count" parameterType="java.util.Map" resultType="int">
		select count(1) from
		<include refid="Table_Name" />
		<where>
			<include refid="Base_Where" />
		</where>
	</select>

	<select id="selectOne"  resultMap="BaseResultMap">
	  <include refid="Base_Select" />
	</select>

	<select id="selectList"  resultMap="BaseResultMap">
	    <include refid="Base_Select" />
	</select>

     <select id="selectForUpdate" resultMap="BaseResultMap" useCache="false">
		 <include refid="Base_Select" />
		for update
	</select>
	

</mapper>