<?xml version="1.0" encoding="UTF-8" ?>
<!DOCTYPE mapper PUBLIC "-//mybatis.org//DTD Mapper 3.0//EN" 
"http://mybatis.org/dtd/mybatis-3-mapper.dtd">
<mapper namespace="com.lsg.wpa.mapper.UserInfoMapper">
	<resultMap id="BaseResultMap" type="com.lsg.wpa.entity.WpaUserInfoPo">
		<result column="USER_ID" property="userId" />
		<result column="OPEN_ID" property="openId" />
		<result column="USER_TYPE" property="userType" />
		<result column="MAIN_MOBILE" property="mainMobile" />
		<result column="USER_NAME" property="userName" />
		<result column="USER_STAT" property="userStat" />
		<result column="USER_LEVEL" property="userLevel" />
		<result column="IS_CERT" property="isCert" />
		<result column="IS_HEALTH" property="isHealth" />
		<result column="LOGO_ADDR" property="logoAddr" />
		<result column="IDENT_IMAGE_ADDR" property="identImageAddr" />
		<result column="USER_SEX" property="userSex" />
		<result column="BIRTH_DAY" property="birthDay" />
		<result column="CERT_NO" property="certNo" />
		<result column="CUST_NAME" property="custName" />
		<result column="REMARK1" property="remark1" />
		<result column="REMARK2" property="remark2" />
		<result column="REMARK3" property="remark3" />
	</resultMap>

	<sql id="Table_Name">
		t_wpa_user_info
	</sql>

	<sql id="Base_Column">
		USER_ID,
		OPEN_ID,
		USER_TYPE,
		MAIN_MOBILE,
		USER_NAME,
		USER_STAT,
		USER_LEVEL,
		IS_CERT,
		IS_HEALTH,
		LOGO_ADDR,
		IDENT_IMAGE_ADDR,
		USER_SEX,
		BIRTH_DAY,
		CERT_NO,
		CUST_NAME,
		REMARK1,
		REMARK2,
		REMARK3
	</sql>

	<sql id="Base_Where">
		<trim suffixOverrides="AND">
		<if test="userId != null">
			USER_ID= #{userId}
	           AND 
		</if>
		<if test="openId != null">
			OPEN_ID= #{openId}
	           AND 
		</if>
		<if test="userType != null">
			USER_TYPE= #{userType}
	           AND 
		</if>
		<if test="mainMobile != null">
			MAIN_MOBILE= #{mainMobile}
	           AND 
		</if>
		<if test="userName != null">
			USER_NAME= #{userName}
	           AND 
		</if>
		<if test="userStat != null">
			USER_STAT= #{userStat}
	           AND 
		</if>
		<if test="userLevel != null">
			USER_LEVEL= #{userLevel}
	           AND 
		</if>
		<if test="isCert != null">
			IS_CERT= #{isCert}
	           AND 
		</if>
		<if test="isHealth != null">
			IS_HEALTH= #{isHealth}
	           AND 
		</if>
		<if test="logoAddr != null">
			LOGO_ADDR= #{logoAddr}
	           AND 
		</if>
		<if test="identImageAddr != null">
			IDENT_IMAGE_ADDR= #{identImageAddr}
	           AND 
		</if>
		<if test="userSex != null">
			USER_SEX= #{userSex}
	           AND 
		</if>
		<if test="birthDay != null">
			BIRTH_DAY= #{birthDay}
	           AND 
		</if>
		<if test="certNo != null">
			CERT_NO= #{certNo}
	           AND 
		</if>
		<if test="custName != null">
			CUST_NAME= #{custName}
	           AND 
		</if>
		<if test="remark1 != null">
			REMARK1= #{remark1}
	           AND 
		</if>
		<if test="remark2 != null">
			REMARK2= #{remark2}
	           AND 
		</if>
		<if test="remark3 != null">
			REMARK3= #{remark3}
		</if>
		</trim>
	</sql>
	
    <sql id="Base_Select">
			select
		<include refid="Base_Column" />
		from
		<include refid="Table_Name" />
		<where>
			<include refid="Base_Where" />
		</where>
	</sql>



	<insert id="insert" >
		insert into
		<include refid="Table_Name" />
		<trim prefix="(" suffix=")" suffixOverrides=",">
	<if test="userId != null">
		USER_ID,
	</if>
	<if test="openId != null">
		OPEN_ID,
	</if>
	<if test="userType != null">
		USER_TYPE,
	</if>
	<if test="mainMobile != null">
		MAIN_MOBILE,
	</if>
	<if test="userName != null">
		USER_NAME,
	</if>
	<if test="userStat != null">
		USER_STAT,
	</if>
	<if test="userLevel != null">
		USER_LEVEL,
	</if>
	<if test="isCert != null">
		IS_CERT,
	</if>
	<if test="isHealth != null">
		IS_HEALTH,
	</if>
	<if test="logoAddr != null">
		LOGO_ADDR,
	</if>
	<if test="identImageAddr != null">
		IDENT_IMAGE_ADDR,
	</if>
	<if test="userSex != null">
		USER_SEX,
	</if>
	<if test="birthDay != null">
		BIRTH_DAY,
	</if>
	<if test="certNo != null">
		CERT_NO,
	</if>
	<if test="custName != null">
		CUST_NAME,
	</if>
	<if test="remark1 != null">
		REMARK1,
	</if>
	<if test="remark2 != null">
		REMARK2,
	</if>
	<if test="remark3 != null">
		REMARK3,
	</if>
		</trim>
		<trim prefix="values (" suffix=")" suffixOverrides=",">
	<if test="userId != null">
		#{userId},
	</if>
	<if test="openId != null">
		#{openId},
	</if>
	<if test="userType != null">
		#{userType},
	</if>
	<if test="mainMobile != null">
		#{mainMobile},
	</if>
	<if test="userName != null">
		#{userName},
	</if>
	<if test="userStat != null">
		#{userStat},
	</if>
	<if test="userLevel != null">
		#{userLevel},
	</if>
	<if test="isCert != null">
		#{isCert},
	</if>
	<if test="isHealth != null">
		#{isHealth},
	</if>
	<if test="logoAddr != null">
		#{logoAddr},
	</if>
	<if test="identImageAddr != null">
		#{identImageAddr},
	</if>
	<if test="userSex != null">
		#{userSex},
	</if>
	<if test="birthDay != null">
		#{birthDay},
	</if>
	<if test="certNo != null">
		#{certNo},
	</if>
	<if test="custName != null">
		#{custName},
	</if>
	<if test="remark1 != null">
		#{remark1},
	</if>
	<if test="remark2 != null">
		#{remark2},
	</if>
	<if test="remark3 != null">
		#{remark3},
	</if>
		</trim>
	</insert>

	<update id="update" >
		update
		<include refid="Table_Name" />
		<set>
	<if test="userId != null">
		USER_ID=#{userId},
	</if>
	<if test="openId != null">
		OPEN_ID=#{openId},
	</if>
	<if test="userType != null">
		USER_TYPE=#{userType},
	</if>
	<if test="mainMobile != null">
		MAIN_MOBILE=#{mainMobile},
	</if>
	<if test="userName != null">
		USER_NAME=#{userName},
	</if>
	<if test="userStat != null">
		USER_STAT=#{userStat},
	</if>
	<if test="userLevel != null">
		USER_LEVEL=#{userLevel},
	</if>
	<if test="isCert != null">
		IS_CERT=#{isCert},
	</if>
	<if test="isHealth != null">
		IS_HEALTH=#{isHealth},
	</if>
	<if test="logoAddr != null">
		LOGO_ADDR=#{logoAddr},
	</if>
	<if test="identImageAddr != null">
		IDENT_IMAGE_ADDR=#{identImageAddr},
	</if>
	<if test="userSex != null">
		USER_SEX=#{userSex},
	</if>
	<if test="birthDay != null">
		BIRTH_DAY=#{birthDay},
	</if>
	<if test="certNo != null">
		CERT_NO=#{certNo},
	</if>
	<if test="custName != null">
		CUST_NAME=#{custName},
	</if>
	<if test="remark1 != null">
		REMARK1=#{remark1},
	</if>
	<if test="remark2 != null">
		REMARK2=#{remark2},
	</if>
	<if test="remark3 != null">
		REMARK3=#{remark3},
	</if>
		</set>
		<where>
			<include refid="Base_Where" />
		</where>
	</update>

	<update id="updateByEntity" >
		UPDATE
		<include refid="Table_Name" />
		<set>
			<if test="s.userId != null">
                    USER_ID=#{s.userId},
			</if>
			<if test="s.openId != null">
                    OPEN_ID=#{s.openId},
			</if>
			<if test="s.userType != null">
                    USER_TYPE=#{s.userType},
			</if>
			<if test="s.mainMobile != null">
                    MAIN_MOBILE=#{s.mainMobile},
			</if>
			<if test="s.userName != null">
                    USER_NAME=#{s.userName},
			</if>
			<if test="s.userStat != null">
                    USER_STAT=#{s.userStat},
			</if>
			<if test="s.userLevel != null">
                    USER_LEVEL=#{s.userLevel},
			</if>
			<if test="s.isCert != null">
                    IS_CERT=#{s.isCert},
			</if>
			<if test="s.isHealth != null">
                    IS_HEALTH=#{s.isHealth},
			</if>
			<if test="s.logoAddr != null">
                    LOGO_ADDR=#{s.logoAddr},
			</if>
			<if test="s.identImageAddr != null">
                    IDENT_IMAGE_ADDR=#{s.identImageAddr},
			</if>
			<if test="s.userSex != null">
                    USER_SEX=#{s.userSex},
			</if>
			<if test="s.birthDay != null">
                    BIRTH_DAY=#{s.birthDay},
			</if>
			<if test="s.certNo != null">
                    CERT_NO=#{s.certNo},
			</if>
			<if test="s.custName != null">
                    CUST_NAME=#{s.custName},
			</if>
			<if test="s.remark1 != null">
                    REMARK1=#{s.remark1},
			</if>
			<if test="s.remark2 != null">
                    REMARK2=#{s.remark2},
			</if>
			<if test="s.remark3 != null">
                    REMARK3=#{s.remark3}
			</if>
		</set>
		<where> 
			<trim prefix="(" suffix=")" suffixOverrides="AND">
			<if test="w.userId != null">
                    USER_ID=#{w.userId}
                   AND 
 			</if>
			<if test="w.openId != null">
                    OPEN_ID=#{w.openId}
                   AND 
 			</if>
			<if test="w.userType != null">
                    USER_TYPE=#{w.userType}
                   AND 
 			</if>
			<if test="w.mainMobile != null">
                    MAIN_MOBILE=#{w.mainMobile}
                   AND 
 			</if>
			<if test="w.userName != null">
                    USER_NAME=#{w.userName}
                   AND 
 			</if>
			<if test="w.userStat != null">
                    USER_STAT=#{w.userStat}
                   AND 
 			</if>
			<if test="w.userLevel != null">
                    USER_LEVEL=#{w.userLevel}
                   AND 
 			</if>
			<if test="w.isCert != null">
                    IS_CERT=#{w.isCert}
                   AND 
 			</if>
			<if test="w.isHealth != null">
                    IS_HEALTH=#{w.isHealth}
                   AND 
 			</if>
			<if test="w.logoAddr != null">
                    LOGO_ADDR=#{w.logoAddr}
                   AND 
 			</if>
			<if test="w.identImageAddr != null">
                    IDENT_IMAGE_ADDR=#{w.identImageAddr}
                   AND 
 			</if>
			<if test="w.userSex != null">
                    USER_SEX=#{w.userSex}
                   AND 
 			</if>
			<if test="w.birthDay != null">
                    BIRTH_DAY=#{w.birthDay}
                   AND 
 			</if>
			<if test="w.certNo != null">
                    CERT_NO=#{w.certNo}
                   AND 
 			</if>
			<if test="w.custName != null">
                    CUST_NAME=#{w.custName}
                   AND 
 			</if>
			<if test="w.remark1 != null">
                    REMARK1=#{w.remark1}
                   AND 
 			</if>
			<if test="w.remark2 != null">
                    REMARK2=#{w.remark2}
                   AND 
 			</if>
			<if test="w.remark3 != null">
                    REMARK3=#{w.remark3}
 			</if>
			</trim>
		</where>
	</update>

	<delete id="delete" >
		delete from
		<include refid="Table_Name" />
		<where>
			<include refid="Base_Where" />
		</where>
	</delete>

	<select id="count" parameterType="java.util.Map" resultType="int">
		select count(1) from
		<include refid="Table_Name" />
		<where>
			<include refid="Base_Where" />
		</where>
	</select>

	<select id="selectOne"  resultMap="BaseResultMap">
	  <include refid="Base_Select" />
	</select>

	<select id="selectList"  resultMap="BaseResultMap">
	    <include refid="Base_Select" />
	</select>

     <select id="selectForUpdate" resultMap="BaseResultMap" useCache="false">
		 <include refid="Base_Select" />
		for update
	</select>
	

</mapper>